,precision,recall,f1-score,support
Depression,0.9445635528330781,0.98688,0.9652582159624413,3125.0
High Blood Pressure,0.9313304721030042,0.8314176245210728,0.8785425101214575,783.0
Type 2 Diabetes,0.9720372836218375,0.9045848822800495,0.9370988446726572,807.0
accuracy,0.9469777306468717,0.9469777306468717,0.9469777306468717,0.9469777306468717
macro avg,0.9493104361859732,0.9076275022670407,0.9269665235855187,4715.0
weighted avg,0.9470682821087687,0.9469777306468717,0.9460380653146478,4715.0
