,val_accuracy,cv_accuracy,test_accuracy
Logistic Regression,0.9465431218816821,0.9443997951478627,0.9469777306468717
Multinomial Naive Bayes,0.9180327868852459,0.9162433452830413,0.9276776246023329
